{
  "embeddings": {
    "accuracy": 0.9846153846153847,
    "precision": 0.9803921568627451,
    "recall": 1.0,
    "f1_score": 0.99009900990099,
    "avg_positive_sim": 0.7310370802879333,
    "avg_negative_sim": 0.32423222064971924,
    "separation": 0.4068048596382141
  },
  "intent": {
    "accuracy": 0.8888888888888888,
    "precision": 0.8985010183410597,
    "recall": 0.8888888888888888,
    "f1_score": 0.8845377912328664,
    "num_errors": 15,
    "total_examples": 135
  }
}